Seg1	Start1	End1	Seg2	Start2	End2	Reads	RPM	dG	i1	j1	i2	j2	RNA	pattern
1	942	986	5	991	1035	194	32024	-27.4	946	969	1003	1027	CAUUGUCGAUAGGUUCAACUCCCC&GGGAGAGUUGAACCUUGCAUCAGAG	(.(((..(..((((((((((((((&))).)))))))))))..)..))).)
2	303	345	6	906	954	191	31529	-39.0	303	343	909	953	CGGUUCCUCUUGGGAAUCCAGGAGUGUGUAGUUGCAACAGC&GCUGGACCAUGCUAUACACACUUGCCUGGUUCCCAAAUGAAAUGG	(.(((.(..(((((((.(((((((((((((...(((.((((&)))).....)))..))))))))..))))))))))))..).))).)
2	768	812	6	434	478	147	24265	-32.1	770	812	443	473	CCCAGACACUCCAAAACUGGGCAGCUCCAUGCUAAAAUUGGCU&GGCUACUGCUGGAGCUGUCGUUUUUUCUGGG	((((((......(((((..((((((((((.((......(((((&)))))..))))))))))))))))).))))))
1	1049	1089	7	816	866	132	21789	-28.7	1052	1077	834	857	GACGAAAUUCAGAUCACCUCUGACUG&UAGUCAGAGGUGACAGGAUUGGUC	(((..(((((.(.(((((((((((((&)))))))))))))).))))).)))
1	940	996	3	69	105	121	19974	-22.6	949	991	69	101	UGUCGAUAGGUUCAACUCCCCAAUUUUGAAAAAGCACUUUCGC&GCAUGUGUAAGGAAGGAGUUGAACCAAGAAGCA	(((.....(((((((((((((............((((....((&))..))))..))..))))))))))).....)))
1	1255	1313	2	2239	2273	110	18158	-30.0	1273	1305	2242	2270	UGCCCGUAAGCACCUCUUCCUCUCUCUUGACUG&CAGUAUAAGGGAAUGUGGUGCUUAUGGCA	((.(((((((((((.(......(((((((((((&)))).)))))))..).)))))))))))))
1	1153	1183	3	202	256	100	16507	-25.0	1153	1181	215	252	CACUCACUAUCAGCUGAAUCAAUCUCCUG&CAGUUUUCUUGAUUCAGCUGAAAAUCCUUCUAGUUGUG	(((..(((((((((((((((((....(((&))).....))))))))))))).........)))).)))
1	932	984	6	1301	1337	94	15517	-24.3	950	983	1305	1335	GUCGAUAGGUUCAACUCCCCAAUUUUGAAAAAGC&GUUGUUUGGGGGGGAGUUGAAUUCAUAUUGC	(.((((((((((((((((((....((.(((.(((&))).))).)))))))))))))))..))))))
2	2122	2158	4	75	109	82	13536	-28.1	2123	2150	81	108	UUGGGGCGCCCCAGUUUCUGUGUUUGUU&AACACAUCCAGAAACUGAUUGCCCCCAG	((((((.((..(((((((((.((.((((&)))).)).)))))))))...))))))))
1	1540	1596	6	1300	1344	79	13041	-21.6	1540	1587	1303	1336	AGCUUUGAUCAACAUCAUCAUUCCUCACUUCCCCUCCUGGAGUAUACA&UGGUUGUUUGGGGGGGAGUUGAAUUCAUAUUGCU	(((..((((((((................((((((((..(((((..((&))..))))))))))))))))))..)))....)))
2	389	447	4	1235	1273	78	12876	-31.3	389	440	1236	1272	AGCAUUGUUUACAGACUCAAUCUCCUUAUGGCUGACAAAUGGAUUCAGGGGA&UCUCCGUCAGCCAUAGCAAAUUUCUGUAAAAACUGCU	((((...((((((((...(((....(((((((((((...........(((((&))))))))))))))))...)))))))))))...))))
4	71	111	6	453	489	75	12380	-27.4	79	105	453	480	AGAACACAUCCAGAAACUGAUUGCCCC&GGAGCUGUCGUUUUUUCUGGGUGUGUCU	((.(((((((((((((.((((.((.((&)).)).))))...)))))))))))))))
1	1299	1341	2	945	993	70	11555	-32.9	1303	1341	955	987	CUGAUGAUCCGCUUGUUCUCUUAAAUGUGAAUCCACCAA&UUGGUGCAUUCACUAUGAGAGCAAAAUCAUCAG	((((((((....((((((((......((((((.((((((&)))))).))))))...)))))))).))))))))
2	956	992	5	1043	1099	70	11555	-22.3	961	992	1069	1098	CAUUCACUAUGAGAGCAAAAUCAUCAGAGGAU&GUCCUCUGAUAAGUUGCAUCAUUCAAAUUG	((......((((..((((....((((((((((&))))))))))...)))).))))......))
1	1630	1664	2	275	327	68	11225	-27.5	1637	1661	277	306	ACUGCUUGUUCCACCAGCCACUGGG&CCCUUUGGCUUGUGUUGAGAAUAGAGCGGU	((((((((((((((.(((((..(((&)))..))))).)))....))))).))))))
6	223	269	7	823	875	65	10730	-31.5	228	261	832	863	AGAAUAACCGGACCUGUUACCUCUGUCAACUAUG&CUUAGUCAGAGGUGACAGGAUUGGUCUUGUCU	(((...(((((.(((((((((((((...((((.(&).))))))))))))))))).)))))....)))
1	343	383	4	1051	1095	64	10565	-26.7	351	375	1051	1076	ACAGGAGAAUUGCCCCUUACAAGUA&UGCUAUUUCCGGGGUAAAUCUCCUGU	((((((((.(((((((.....((((&))))......))))))).))))))))
1	1528	1578	6	1217	1261	64	10565	-23.9	1543	1560	1231	1248	UUUGAUCAACAUCAUCAU&AUGGUGGUGUUGGUCAGA	((((((((((((((((((&))))))))))))))))))
2	2025	2073	8	344	390	64	10565	-32.0	2040	2066	352	382	GCCAUUGCUUCCAGGACACAGUCUGUU&AGCAGUAUGUCCUGGAAGAGAAGGCAAUGGU	((((((((((((((((((....(((((&)))))..)))))))))......)))))))))
2	2164	2194	4	71	101	60	9904	-20.8	2164	2189	75	94	UUUCUGAAUAUUGAUGUGUUCUGUUG&CAUUAGAACACAUCCAGAAA	((((((......(((((((((((.((&)).)))))))))))))))))
2	293	335	4	1474	1524	58	9574	-34.9	303	330	1491	1519	CGGUUCCUCUUGGGAAUCCAGGAGUGUG&CGCAUUCUGGGUUUCCCAAGAGCCAUCCG	(((...((((((((((.((.((((((((&)))))))).)).))))))))))....)))
2	610	666	6	88	124	58	9574	-27.6	617	653	89	121	UUGUGUGUCUCCUCUGUGGCACCGAUAUGUAUAUCUG&CAUAUGUACCUGAGGUGCCACAAAACACAACAA	((((((((......(((((((((..((.((((((.((&)).)))))).)).)))))))))..))))).)))
3	768	800	5	795	851	57	9409	-30.7	769	797	810	838	GGAAAUCAUCCAUUGCUGCACAAGAUGCA&UGCUUUUUGUGCAGCAGUUUGAAAUUUCC	((((((.....((((((((((((((.(((&))).)))))))))))))).....))))))
1	1202	1272	2	493	517	56	9244	-22.5	1223	1242	497	514	UGUGAACUCUUCAUAUCCCU&AGGGAUGUGAAGAUUCCG	((.(((.(((((((((((((&))))))))))))))))))
1	419	455	6	146	206	54	8914	-24.6	419	455	160	201	CUGCAUUCUACUUUGCUUUGGUGGAGCGGCUGCGAAG&CUUCCCCUUAUCAACUCCACAUAAAAGCACCGAUUGAUGCAG	(((((((......((((((.((((((..(....((((&)))).......)..))))))...))))))......)))))))
1	1586	1626	7	498	542	53	8749	-31.1	1589	1623	499	539	CUGUUCCCAGCAUGUUCCUUGAGUCAAAUGCAACA&UGUUGUCACCAUUUGCCUAUGAGACCGAUGCUGGGAGUCAG	(((((((((((((....(((.((.(((((((((((&)))))....)))))).))..)))....)))))))))).)))
3	1935	2005	6	1326	1376	51	8419	-18.1	1950	1990	1328	1370	GCCAUUGUGCGAUCUCUUCCCUCGAUUAUUUCAAAUCUGUG&CAUAUUGCUUGAAAUGCAAUGUUACAGUAGUUAUCAGGAUGGC	((((((.((....((((.........((((((((...((((&))))....)))))))).........)).))....)).))))))
4	1573	1617	5	104	150	51	8419	-30.0	1574	1611	105	150	UUUCCGUUGUGGCUGUCUUCGAGCAGGUUAACAGAGUG&CGCUGCCUUUUCGUCCGAGAGCUCGAAGACUCCCCGCCCCUGGAAA	((((((..((((..((((((((((((((......((((&))))))))............))))))))))...))))...))))))
2	1386	1446	6	492	526	50	8254	-26.1	1396	1429	493	519	UAGUAUUGUCUCCAGUAAUUGUGAAAGAAAGCUC&GAGCACACAUAACUGGAAACAAUGCUA	(((((((((.((((((...((((.......((((&)))).))))..)))))).)))))))))
4	993	1023	6	892	926	49	8088	-25.5	994	1017	897	922	UAGCAAGGUCCAGUAAUAGUUCAU&GUGACAACUUGAGCUGGACCAUGCUA	(((((.((((((((...(((((((&))))..)))...)))))))).)))))
6	1078	1116	7	929	969	49	8088	-25.9	1093	1115	945	968	UCUCUUGUCACCCAGAUGUCCCC&GGGGGCCUGACGGGAUGAUAGAGA	((((.((((((((....((((((&)))))).....))).)))))))))
2	899	945	5	673	725	47	7758	-35.3	905	941	684	709	CUUGCAGGUCCUGUAGAAUCUAUCCACUCCUGCUUGU&ACAGGCAGGCAGGCAGGACUUGUGAG	((((((((((((((............(((((((((((&))))))))).))))))))))))))))
1	1567	1603	2	290	330	46	7593	-25.8	1573	1599	290	326	CUCCUGGAGUAUACAUCUGUUCCCAGC&GUUGAGAAUAGAGCGGUUCCUCUUGGGAAUCCAGGAG	((((((((.....(((((((((.((((&)))).)))))))...........))....))))))))
1	2049	2083	4	878	924	46	7593	-28.1	2053	2083	886	918	GGUCUGAUCCGGCAUCAUUCAUUUUACUCCA&UGCGUUUGAGGUGAUGAUGCCGGACCCAAAGCC	(((.((.(((((((((((.(((((((..(((&)).)..))))))))))))))))))..))..)))
1	313	361	2	181	255	45	7428	-31.3	316	358	197	242	CUGUGAGUCUCUUCGUGGCCUUGUUAUAGUUGAAUACAGGAGA&UCUCCUGUAUGAACUACUGGGGAAAAAUUUCUCGAACAGGUUGCAG	((((((.(((.((((.(((((((...(((((..((((((((((&)))))))))).))))).))))).......)).)))).)))))))))
1	102	144	3	1398	1436	45	7428	-22.2	104	133	1405	1435	CCGUUUCAUUACCAACACCACGUCUCCUUG&UAAGUGGUCGUGGUGUUGUUUUCAAAAAAGG	((..........((((((((((.((.((((&)))).)).))))))))))...........))
1	1092	1142	3	1397	1429	44	7263	-27.6	1100	1131	1397	1428	UGAAAAUACCAUGGCCACAAUUAUUGCUUCGG&CGGAAGUCUAAGUGGUCGUGGUGUUGUUUUCA	((((((((((((((((((..(((..(((((.(&).))))).)))))))))))))))))...))))
1	898	938	4	677	723	44	7263	-24.7	898	921	692	720	UCUCGAUGCUUGGAGUCAUGUCGG&CCGGCAAUGGCUCCAAAUAGACCUCUGGA	(((.((.(((((((((((((((((&))))).)))))))))...)).).)).)))
2	2029	2057	4	1447	1491	44	7263	-25.4	2039	2055	1473	1490	AGCCAUUGCUUCCAGGA&UCACUGGAAGCAGUGGGU	(.(((((((((((((((&)).))))))))))))).)
2	531	577	5	674	722	43	7098	-29.8	531	576	687	718	GGUCCUCCAUCUGAAACCAAUAGUCCUGCCUUUGAGCGGGUUUGCU&GGCAGGCAGGCAGGACUUGUGAGCAACCGACC	(((((((((............((((((((((........(((((((&))))))))))))))))))).))).....))))
2	316	352	7	244	280	43	7098	-23.3	316	347	249	275	GAAUCCAGGAGUGUGUAGUUGCAACAGCGUCA&UGAACCGUUGCAUCUGCACCCCCAUUC	((((...((.(.((((((.((((((....(((&)))...)))))).))))))))).))))
3	132	190	6	1299	1339	43	7098	-26.2	139	179	1300	1334	CAAUUGCUUCAUAUAGCCCCCCAAGAUCAAAGGUCCCAGGU&ACUUGGUUGUUUGGGGGGGAGUUGAAUUCAUAUUG	((((((.((((.((..(((((((((..(((.....((((((&))))))))))))))))))..))))))..)).))))
1	277	329	2	2231	2267	42	6933	-26.7	292	329	2233	2264	AAGUGCCAGCAUCCUUUCCGAGAACUGUGAGUCUCUUC&GAGGAUCUCCAGUAUAAGGGAAUGUGGUGCUU	((((((((.(((...((((....((((.(((..(((((&))))).)))))))....)))))))))))))))
2	143	189	8	572	674	42	6933	-40.0	146	180	608	650	AAUCCGGGCCCUAGACACCAUGGCCUCCACCAUGC&GCAGGUACAGAGGCCAUGGUCAUUUUAAGUGCCUCAUCGGAUU	((((((((((.((((.(((((((((((.(((.(((&))))))...)))))))))))...)))).).)))....))))))
3	54	108	4	846	896	42	6933	-26.9	64	93	852	885	UCAAUGCAUGUGUAAGGAAGGAGUUGAACC&GUGUUUGACACUUCGUGUUACACUCAUGCAUUGA	(((((((((((((((.((((..((((((((&).))))))).))))...))))))..)))))))))
1	1565	1639	2	2190	2260	41	6768	-39.0	1565	1637	2192	2258	CACUUCCCCUCCUGGAGUAUACAUCUGUUCCCAGCAUGUUCCUUGAGUCAAAUGCAACACUUCAAUGUACACA&UGUGUCCAUGGUGUAUCCUGUUCCUGUUCCAUGGCUGUAUGGAGGAUCUCCAGUAUAAGGGAAUGUG	((((((((...((((((.((...(((((...(((((((......(((.((...((((((((...(((.(((((&))))).))))))))....)))...))))))))).))).)))))..)))))))).....))))).)))
1	595	647	7	567	615	40	6603	-34.1	598	645	567	611	UGUAUAGCAUUGUAGGGUUCUGGGACCACUGAAUUUUAACAGUUUCCC&GGCCAAAUGCCACUUCAGUGGUCACAGCCCCCAUCCUGUUGUAUA	(((((((((..((.(((..(((.((((((((((......((.....((&)).....))....)))))))))).)))..)))))..)))))))))
2	720	776	8	529	573	40	6603	-25.3	721	760	537	572	UGUUCUUUAUCACUGUUACUCCAAUGCUCAUAUCAGCUGA&UCUGCUUGGGUAUGAGCAUGGACCAGUCCCUUGACA	((((.......((((....(((.((((((((((((((.((&)).)))..)))))))))))))).)))).....))))
5	143	215	7	193	229	40	6603	-22.1	144	179	197	229	CUGGAAAGACACAUCUUCUGGUCUUGCACUUUCCAU&AUGUCAAGUGCAAGAUCCCAAUGAUAUUUGCGG	(((.(((....(((.....((((((((((((..(((&)))..))))))))))))...)))...))).)))
5	923	971	6	1222	1264	39	6438	-25.8	936	956	1231	1248	UCUGACCAAUUCCAUCACCAU&AUGGUGGUGUUGGUCAGA	(((((((((...(((((((((&))))))))))))))))))
5	925	969	7	776	846	38	6273	-15.9	932	963	795	846	UCAUUCUGACCAAUUCCAUCACCAUUGUUCCA&UGGGCACGGUGAGCGUGAACACAAAUCCUAAAAUCCCCUUAGUCAGAGGUGA	((((((((((..(((...((((((((((((((&)))).))))))...)))).....)))...............))))))).)))
1	1577	1631	4	1277	1305	37	6108	-29.3	1578	1611	1279	1305	GGAGUAUACAUCUGUUCCCAGCAUGUUCCUUGAG&CUCAUGGGAGCAUGCUGCCGUUACUCC	((((((............((((((((((((((((&)))).))))))))))))....))))))
2	348	404	7	388	454	37	6108	-31.7	356	395	394	433	GCUCUUGGCUGGACCAUGAGCUGGCAUUACCACAGCAUUG&CAUGGCCUCUGCUGCUUGCUCACUCGAUCCAGCCAUUUGC	((...((((((((.(.(((((.((((........((..((&))..))......)))).)))))...).))))))))...))
3	2113	2157	6	1292	1344	37	6108	-29.3	2115	2153	1294	1342	GUUUCGAUUUUCAGGUCCUCCCCAUACUCUUUCAUUGUU&AGCAUCACUUGGUUGUUUGGGGGGGAGUUGAAUUCAUAUUGCUUGAAAU	(((((((..(((((.(((((((((.((.((.....((((&))))......))..)).))))))))).)))))..........)))))))
6	1072	1114	7	867	903	37	6108	-19.0	1072	1099	874	902	GGAUCGCAUGACACAUAAGGUUCUCUUG&CAUGAGAACCUCAAGAUCGGUGUUCUUCC	(((..((((........((((((((.((&)).))))))))........))))...)))
1	157	207	4	103	141	35	5777	-33.3	170	202	108	138	GUUGCUCAGUUCAUUGAUGCUUAGUGCUGGCCC&GGGAGACCAAAAGCACCAGUGAACUGGCGAC	(((((.((((((((((.(((((..((....(((&)))....)).))))).)))))))))))))))
1	1134	1234	6	1321	1361	34	5612	-15.8	1185	1231	1323	1358	GCUUUUCUGAGUAUGGCUGUUGCUCUUCUCCCAACCAUUGUGAACUC&GAAUUCAUAUUGCUUGAAAUGCAAUGUUACAGUAGU	(((...(((....((((.(((((..(((...(((....((((((.((&)).)))))))))...)))..)))))))))))).)))
4	654	698	7	930	966	34	5612	-36.2	659	695	935	966	UCUAUCAUUCCAGUCCAUCCCCCUUCAAUAAAACCGG&UCGGCUUUGAGGGGGCCUGACGGGAUGAUAGA	(((((((((((.(((....(((((((((.....((((&))))..)))))))))...))))))))))))))
7	502	556	8	358	390	34	5612	-21.3	504	534	361	384	UCACCAUUUGCCUAUGAGACCGAUGCUGGGA&UCCUGGAAGAGAAGGCAAUGGUGA	((((((.((((((............((((((&))))))......))))))))))))
1	1390	1456	5	668	704	33	5447	-28.6	1390	1419	669	700	CCACGGCUUGCUCUUCUGUUGGGUUCUGCC&GGCAGGUCCAUACACACAGGCAGGCAGGCAGG	((...((((((.((((((((((..((((((&)))))).))).....))))).)))))))).))
2	313	363	5	1102	1146	33	5447	-24.4	326	363	1104	1145	GUGUGUAGUUGCAACAGCGUCAUAUUCCAUGCUCUUGG&CCAGAUCAUCAUGUGAGUCAGACCAGCCGUUGCAUCGUCACC	(.(((..(.((((((.(((((..((((((((...((((&)))).....)))).))))..)))..)).)))))).)..))))
2	1990	2028	3	99	135	33	5447	-23.6	1997	2022	111	132	GCACGAGUUUUCAAAGAUCCCUGGGU&ACCCAGGGAUCAUUAAUCAGGC	((..((.........(((((((((((&))))))))))).....))..))
4	685	737	6	542	578	32	5282	-24.8	690	719	542	569	AACCGGCAAUGGCUCCAAAUAGACCUCUGG&CGAUGGGCCUAUUGGAGCCUUUCCAGUU	(((.((.((.((((((.(((((.(((.(.(&).).))).))))))))))).)))).)))
1	657	701	6	1222	1266	31	5117	-30.7	660	696	1231	1261	CAUUGAUAGGUAUUGACCAACACUGAUUCAGGACCAU&AUGGUGGUGUUGGUCAGAUACACUAUCUCUG	((..((((((((((((((((((((........(((((&))))))))))))))))).))).)))))..))
5	689	725	7	449	491	31	5117	-18.2	689	711	453	484	CAGGCAGGCAGGACUUGUGAGCA&UGCUGGCUAAAACCAUUCUGUUCUCAUGUCUG	((((((.(.(((((..((.((((&)))).))............)))))).))))))
1	417	491	4	1171	1221	30	4952	-25.7	434	467	1175	1205	CUUUGGUGGAGCGGCUGCGAAGGGAAGAAGUUUU&AGGACUUCUUUCCCUUUUUUGUUCACAUAAG	(((..(((.(((((....((((((((((((((((&))))))))).))))))).))))))))..)))
4	863	951	5	772	806	30	4952	-27.5	884	913	777	803	GAUGCGUUUGAGGUGAUGAUGCCGGACCCA&UGGGUUCCGGCUCUCUCUCACUUGAUC	(((.((..(((((.((.((.((((((((((&))))).))))))))))))))..)))))
4	669	705	6	1316	1372	30	4952	-15.7	671	705	1317	1370	GUCCAUCCCCCUUCAAUAAAACCGGCAAUGGCUCC&GGAGUUGAAUUCAUAUUGCUUGAAAUGCAAUGUUACAGUAGUUAUCAGGAUGGC	(.((((((...........(((.((((((((((((&)))))........)))))))...........))).............)))))))
5	101	195	6	1302	1336	30	4952	-23.7	123	158	1304	1328	GAGCUCGAAGACUCCCCGCCCCUGGAAAGACACAUC&GGUUGUUUGGGGGGGAGUUGAAUUC	(((.((...((((((((.(((......(((((.(((&))))))))))))))))))))).)))
1	2185	2213	5	678	708	29	4787	-28.1	2187	2213	681	704	GGGUUCUUCUCCUGUCUUCCUGAUGUG&CACACAGGCAGGCAGGCAGGACUU	(((((((...(((((((.((((.((((&)))))))).))))))).)))))))
1	645	699	6	1306	1360	29	4787	-14.5	651	691	1309	1354	CUGAUGAUCCAUUGAUAGGUAUUGACCAACACUGAUUCAGG&UUUGGGGGGGAGUUGAAUUCAUAUUGCUUGAAAUGCAAUGUUACAG	(((.((((.((((..((((((.(((.((((.((..((((((&))))))..)).))))...)))...)))))).))))....)))))))
2	2178	2236	8	535	595	29	4787	-29.6	2179	2209	544	573	GUGUUCUGUUGACUGUGUCCAUGGUGUAUCC&GGGUAUGAGCAUGGACCAGUCCCUUGACAU	(((((..(..(((((.(((((((.(((((((&)))))).).)))))))))))).)..)))))
2	2034	2076	3	69	95	28	4622	-16.4	2035	2071	69	93	GGAAAGCCAUUGCUUCCAGGACACAGUCUGUUUGUGC&GCAUGUGUAAGGAAGGAGUUGAACC	((....(.(((.(((((...(((((.........(((&))))))))..))))).))).)..))
2	195	249	6	1333	1377	28	4622	-23.7	196	244	1333	1370	GUCUCCUGUAUGAACUACUGGGGAAAAAUUUCUCGAACAGGUUGCAGCA&UGCUUGAAAUGCAAUGUUACAGUAGUUAUCAGGAUGGC	((((((((....((((((((...............((((..((((((((&))))......)))))))).))))))))..))))).)))
5	932	992	6	1324	1370	28	4622	-18.7	953	988	1332	1369	CCAUUGUUCCAACUCCUUUGACUGCAGCACCUGCGG&UUGCUUGAAAUGCAAUGUUACAGUAGUUAUCAGGAUGG	(((((.(...((((.((.((((((((......((((&))))......))))..)))).)).))))...).)))))
1	409	453	2	456	512	27	4457	-25.2	421	452	456	504	GCAUUCUACUUUGCUUUGGUGGAGCGGCUGCG&UGAUAGUCCUCAUCCAUUAGCUCCCACUUUAAGCAGACUUCAGGGAUGU	(((((((..(((((((.(((((((((((((((&)).)))))...........))))).)))..))))))).....)))))))
2	144	180	3	1373	1437	27	4457	-30.9	145	173	1386	1422	CAAUCCGGGCCCUAGACACCAUGGCCUCC&GGAGGCCCAUUCGGAAGUCUAAGUGGUCGUGGUGUUG	(((((((((((((((((.(((((((((((&))))))).))..))..)))).)).)))).))).))))
1	1559	1609	4	879	911	26	4292	-14.5	1576	1601	885	908	CUGGAGUAUACAUCUGUUCCCAGCAU&AUGCGUUUGAGGUGAUGAUGCCGG	((((.((...(((((.......((((&)))).....)))))...)).))))
2	2078	2122	6	71	115	26	4292	-27.1	2081	2119	72	108	UGGCUCAUUAUCCUCAGGUAGUGGUCCAUCAAUUGGGUU&AGGCCAUGAGCCUGUUCCAUAUGUACCUGAGGUGCCA	((((.......(((((((((((((..(((((..(((.((&)).))))))...))..))))...))))))))).))))
3	54	88	4	250	296	26	4292	-22.3	54	84	251	291	CACAACUAACUCAAUGCAUGUGUAAGGAAGG&CCAUUUCUUACACUUUCCAUGCAUUCAUUGUCACACUUGUG	(((((...((..(((((((((((((((((((&)).)))))))))).....)))))))....)).....)))))
4	937	985	7	191	241	26	4292	-24.7	956	985	209	240	UUUCCAUUUGCCUCAAAUAUUAUUGUGUCU&AGAUCCCAAUGAUAUUUGCGGCAAUAGUGAGA	(((((..(((((.((((((((((((.((((&))))..)))))))))))).)))))..).))))
5	685	719	7	362	390	26	4292	-21.8	688	711	362	387	GCAGGCAGGCAGGACUUGUGAGCA&UGCACCAUUUGUCUAGCCUGACUAGC	((((.(((((.((((..(((.(((&)))..)))..)))).))))).)).))
4	924	970	6	917	941	26	4292	-9.4	924	938	917	937	UCAGUGCGAAAGCAU&AUGCUAUACACACUUGCCUGG	((((.((((.(((((&)))))........))))))))
1	1565	1599	4	804	830	25	4127	-26.6	1568	1598	804	828	UUCCCCUCCUGGAGUAUACAUCUGUUCCCAG&CUGGGUGUAUAUUCUGGUAAGGGAG	(((((...((((((((((((......(((((&)))))))))))))))))...)))))
1	111	149	6	1202	1246	25	4127	-33.8	114	144	1203	1244	ACCAACACCACGUCUCCUUGCCCAAUUAGCA&UGCUAGUUUGGGGCAUAUUUCCUUCUCUAUGGUGGUGUUGGU	(((((((((((.......(((((((((((((&))))))))..)))))................)))))))))))
2	2249	2273	4	1049	1135	25	4127	-19.1	2251	2267	1101	1118	GGAAUGUGGUGCUUAUG&CAUAAGCAUUUUCAUUCU	((((((.((((((((((&))))))))))..))))))
2	2213	2261	4	1206	1276	25	4127	-27.1	2216	2260	1221	1253	UGUUCCAUGGCUGUAUGGAGGAUCUCCAGUAUAAGGGAAUGUGGU&GGUAUGAGCCCUCCUUCUCCGUCAGCCAUAGCA	((((..(((((((.((((((((...........((((..((((.(&).))))..))))..)))))))))))))))))))
2	2221	2269	4	1217	1281	25	4127	-32.6	2222	2269	1221	1249	AUGGCUGUAUGGAGGAUCUCCAGUAUAAGGGAAUGUGGUGCUUAUGGC&GGUAUGAGCCCUCCUUCUCCGUCAGCCAU	(((((((.(((((((.............((((....((.(((((((.(&).)))))))))))))))))))))))))))
1	428	484	7	90	166	24	3962	-38.8	428	480	96	160	ACUUUGCUUUGGUGGAGCGGCUGCGAAGGGAAGAAGUUUUAUUAUCUGUGCGG&CCUCAUAGACUUUGGCACUCCUUCCGUAGAAGGCCCUCCUUUCAGUCCGUAUUUAAAGCGACGGU	(((((((((((..((((.((((....(.(((((.(((.(((...((((((.((&)).))))))...))).))).))))).)....))))))))..............)))))))).)))
1	1788	1836	7	496	538	24	3962	-29.3	1792	1823	496	538	UGGCUCCCACUUCGUUAGGGAAAACAACUUCC&GGUUGUUGUCACCAUUUGCCUAUGAGACCGAUGCUGGGAGUCA	((((((((((.(((.((((.((((((((..((&))..))))).....))).))))......))).).)))))))))
2	2247	2293	3	255	301	24	3962	-14.5	2249	2276	258	287	AGGGAAUGUGGUGCUUAUGGCAUUUUGC&GCAUACAAGCUGUUGAAUACCGACUUUGCU	((.(((.((((((.(((((((....(((&))).....))))).)).)))).))))).))
3	63	115	7	96	128	24	3962	-18.9	79	96	106	120	GGAAGGAGUUGAACCAAG&UUUGGCACUCCUUCC	(((((((((....(((((&))))).)))))))))
3	1957	2009	8	358	386	24	3962	-18.0	1957	1975	360	377	UGCGAUCUCUUCCCUCGAU&GUCCUGGAAGAGAAGGCA	(((..((((((((...(((&)))..))))))))..)))
2	131	185	5	131	211	23	3797	-21.0	137	183	137	209	UCUGGCAUCAAUCCGGGCCCUAGACACCAUGGCCUCCACCAUGCUGG&CCCGCCCCUGGAAAGACACAUCUUCUGGUCUUGCACUUUCCAUCAUCCUUAUGAUUUCGGUCCUCAUGUCAGA	((((((((....(((((....(((...((.((((((((....((.((&)).))...))))..............)))).))...)))................))))).....))))))))
2	1460	1502	7	607	645	23	3797	-26.4	1465	1483	613	635	CAUUUGCCAGUUUGGCCUU&GAGGCCCAUACAACUGGCAAGUG	((((((((((((.((((((&)))))).....))))))))))))
7	378	424	8	600	636	23	3797	-36.5	393	416	603	626	CCAUGGCCUCUGCUGCUUGCUCAC&GCGACGCAGGUACAGAGGCCAUGG	((((((((((((.(((((((((.(&).)).)))))))))))))))))))
1	2117	2159	5	677	705	23	3797	-21.7	2128	2143	684	701	UCCUCUUGUCUGCUGU&ACAGGCAGGCAGGCAGGA	((((((((((((((((&))).))))))))).))))
1	967	1051	3	1329	1365	22	3632	-28.6	993	1028	1329	1365	UCCUUCUGAAAAUGUCUUAAAAGUUGAUGCAUAGGA&UCCUCAAUGCUUAAUUUUAAGGCAUCCAUCAGCAGGA	((((.((((..(((((((((((.((((.((((((((&))))..)))))))))))))))))))...)))).))))
3	78	124	4	933	965	22	3632	-11.3	79	100	935	960	GGAAGGAGUUGAACCAAGAAGC&GCAUACAUUGGUGCUAUUAGAUUUCC	(((((.(((...(((((...((&)).....)))))...)))...)))))
5	639	693	8	514	560	22	3632	-36.4	645	677	524	558	UUCAAAGUCGUACCCACUGGCUACGGCAGGUCC&GGGCCUGCCACUUUCUGCUUGGGUAUGAGCAUGGA	((((...(((((((((..(((...(((((((((&))))))))).......))))))))))))...))))
1	776	806	2	128	172	21	3466	-18.5	780	806	146	171	AGUACAUUUCCUCGUUGGUCCCGGAUU&AAUCCGGGCCCUAGACACCAUGGCCU	((..(((....((...((.((((((((&))))))))))...))....)))..))
1	1636	1698	5	294	338	21	3466	-30.6	1648	1687	303	336	CACCAGCCACUGGGAGGAAUCUCGUUUUGCGGACCAGUUC&GAUUUGGCCCGCAGAUGCCCUCUGUUGAUUGGUG	((((((.((...(((((......(((((((((.((((.((&)).)))).))))))).)))))))..)).))))))
1	664	690	7	568	606	21	3466	-16.2	664	685	581	601	GAUAGGUAUUGACCAACACUGA&UCAGUGGUCACAGCCCCCAUC	(((.(((..(((((...(((((&))))))))))..)))...)))
1	872	934	8	423	455	21	3466	-13.7	892	923	426	452	UUGACAUCUCGAUGCUUGGAGUCAUGUCGGGC&GCAAUAUUAGAGUCUCCAGCCGGUCAA	(((((....((..((.(((((.(.((....((&)).....))..).))))))))))))))
2	416	458	7	354	390	21	3466	-27.2	418	441	356	379	GGCUGACAAAUGGAUUCAGGGGAU&AUCGCUUGCACCAUUUGUCUAGCC	(((((((((((((...((((.(((&))).))))..))))))))).))))
5	346	396	8	597	631	21	3466	-30.8	350	392	597	629	UGGUCCUUAUGGCCCAGUACCUGCUUCUCAGUUCAAGUGUACU&GGUAACGCGACGCAGGUACAGAGGCCAUGGUCA	(((.((..(((((((.((((((((.((.........(((((((&))).)))))).)))))))).).)))))))))))
2	1889	1929	3	764	800	20	3301	-27.5	1889	1920	764	800	UAAUGCAGUUGCGGCCGGUUGAUUUCUGUUUA&UAAUUGGAAAUCAUCCAUUGCUGCACAAGAUGCAUUA	(((((((..((((((.((.(((((((((.(((&))).))))))))).))...)))))).....)))))))
2	1977	2043	4	76	112	20	3301	-24.7	2014	2037	87	111	UCCCUGGGUGGGAUUCUUCAAGGA&UCCAGAAACUGAUUGCCCCCAGGGA	((((((((.((.(.(((((..(((&))).)))...)).).))))))))))
2	781	835	5	706	750	20	3301	-9.0	789	810	722	744	GGCAGCUCCAUGCUAAAAUUGG&UCAAUAUGAGUGCAGACCGUGCU	((((......(((....(((((&)))))......))).....))))
2	2231	2283	6	90	156	20	3301	-31.7	2231	2268	97	139	UGGAGGAUCUCCAGUAUAAGGGAAUGUGGUGCUUAUGG&CCUGAGGUGCCACAAAACACAACAAUACUGUUUGAGGUCCACA	((..(((((((((((((...(...((((((((((..((&))..))))))))))...)......))))))...))))))).))
2	223	251	7	544	610	20	3301	-15.1	231	251	581	606	AACAGGUUGCAGCACUUCUGA&UCAGUGGUCACAGCCCCCAUCCUGUU	((((((.((..(((((.((((&)))).)))....))...)).))))))
2	1087	1115	8	341	395	20	3301	-24.1	1087	1113	354	377	UGCCCAUCAUCAUUCCAGGACUCAAUG&CAGUAUGUCCUGGAAGAGAAGGCA	((((..((.((.(((((((((....((&))....))))))))))))).))))
2	120	182	8	660	716	20	3301	-28.1	137	182	684	712	UCUGGCAUCAAUCCGGGCCCUAGACACCAUGGCCUCCACCAUGCUG&CAGCACGUGUGGCUGUCUUGAUGUCCAGA	((((((((((...........((((.....((((..(((..(((((&))))).))).))))))))))))).)))))
3	1393	1437	6	384	430	20	3301	-27.9	1398	1437	395	420	GGAAGUCUAAGUGGUCGUGGUGUUGUUUUCAAAAAAGGUU&AGCCUUUCACUCCAUGACCACCUUCC	(((((.....((((((((((.((.(........(((((((&)))))))))).)))))))))))))))
4	1373	1403	7	930	986	20	3301	-28.7	1375	1403	938	970	GCUCAAUUGCUCCCUCAGCUCCUCAUAGU&GCUUUGAGGGGGCCUGACGGGAUGAUAGAGAGU	((((..(..((((((((((((((((.(((&))).)))))))..)))).)))).)..)..))))
5	194	216	6	543	623	20	3301	-23.6	196	215	578	598	GUCCUCAUGUCAGAUGUUCU&AGACACAUCUGACACCAGGAU	(((((..(((((((((((((&))).))))))))))..)))))
2	459	503	7	320	360	19	3136	-22.4	464	479	328	341	CUCAUCCAUUAGCUCC&GGAGCUAGGAUGAG	(((((((..(((((((&))))))))))))))
5	639	705	8	399	451	19	3136	-22.6	660	699	399	449	ACUGGCUACGGCAGGUCCAUACACACAGGCAGGCAGGCAG&UUGCUCCCUCUUCGGUGAAAGCCCUUAGCAAUAUUAGAGUCUCCAGCCGGU	(((((((..((((((......(((..(((.(((..(((((&))))).))))))..))).....))).............)))...)))))))
1	1061	1099	3	73	109	18	2971	-12.8	1076	1098	78	101	UGCUUUUAUCAUACAAUCCUCUU&AGGAAGGAGUUGAACCAAGAAGCA	(((((((.........(((((((&)))).))).........)))))))
1	2124	2172	6	1331	1375	18	2971	-31.2	2124	2161	1334	1370	GUUAUCCUCUUGUCUGCUGUAAUUGGAUAUUUCAUUGC&GCUUGAAAUGCAAUGUUACAGUAGUUAUCAGGAUGGC	((((((((..((.((((((((((....(((((((..((&)).)))))))....)))))))))).))..))))))))
2	1296	1326	7	252	292	18	2971	-16.5	1296	1305	258	268	GGUGCGAUGC&GCAUCUGCACC	((((((((((&))))).)))))
3	211	265	5	684	734	18	2971	-15.1	214	251	688	734	GCAGUUUUCUUGAUUCAGCUGAAAAUCCUUCUAGUUGU&GCAGGCAGGCAGGACUUGUGAGCAACCGACCCUCUCAAUAUGAGUGC	(((.((...((((....(((.(...(((((((..((((&))))..))).))))....).)))...........))))...)).)))
5	766	814	6	1375	1409	18	2971	-23.7	790	814	1384	1409	UCUCUCACUUGAUCCAUCAUUGCUU&AAGCAUAUUGUGGAAAUGGUGAGGGA	(((((((((...(((((...(((((&)))))....)))))...)))))))))
5	302	346	7	233	261	18	2971	-18.1	317	346	235	261	AUGCCCUCUGUUGAUUGGUGUUUCCUCCAC&GUGAGAGGAUCACUUGAACCGUUGCAU	((((...(.(((....((((..((((((((&))).))))).))))..))).)..))))
1	1620	1656	4	1553	1599	17	2806	-18.4	1638	1656	1583	1599	CUGCUUGUUCCACCAGCCA&UGGCUGUCUUCGAGCAG	(((((((......((((((&))))))....)))))))
2	2112	2146	3	54	94	17	2806	-13.3	2112	2125	56	68	AUUGGGUUAAGUUG&CAACUAACUCAAU	(((((((((.((((&)))))))))))))
2	742	788	3	196	240	17	2806	-17.0	753	788	215	235	UCAGCUGACUCAUUAAUCCCAGACACUCCAAAACUG&CAGUUUUCUUGAUUCAGCUGA	((((((((.(((........(((.......((((((&)))))))))))).))))))))
3	2183	2209	8	592	656	17	2806	-11.5	2183	2209	623	654	GAAGCAUUGUCGCACAAAAUCUUCCAU&AUGGUCAUUUUAAGUGCCUCAUCGGAUUCUUC	((((.((((..(((((((((...((((&))))..)))))..))))..))....)).))))
4	1454	1500	5	716	758	17	2806	-31.0	1469	1497	729	758	GAUCUCACUGGAAGCAGUGGGUCGCAUUC&GAGUGCAGACCGUGCUAGAAAAGUGAGAUC	(((((((((...((((...((((((((((&)))))).)))).)))).....)))))))))
4	711	733	5	858	914	17	2806	-23.9	711	733	881	908	GACCUCUGGAUUGAAUGGACGGA&UUCGUCCAUUCUCACCCCUCCAGAAGUU	(((.((((((..(((((((((((&))))))))))).......)))))).)))
5	681	733	6	459	507	17	2806	-29.3	685	730	460	507	CAGGCAGGCAGGCAGGACUUGUGAGCAACCGACCCUCUCAAUAUGA&UCGUUUUUUCUGGGUGUGUCUCCAACAAGUCCUGAGCACACAUAACUG	(((....((...(((((((((((((..((..((((.......((((&)))).......))))..)))))..)))))))))).))........)))
1	1452	1518	4	1582	1624	16	2641	-36.4	1452	1508	1584	1624	UGUGUGCUGUGGCACAUCUCCAAUAAAGAUGCUAGUGGAUCUGCUGAUACUGCAGCU&GGCUGUCUUCGAGCAGGUUAACAGAGUGUGUCACUGUCACA	((((.((.((((((((.(((..............((.((((((((((....((((((&))))))..)).)))))))).)).))))))))))).))))))
1	2105	2143	6	582	612	16	2641	-19.1	2124	2143	589	610	GUUAUCCUCUUGUCUGCUGU&ACACCAGGAUAUCGAGGAUAAC	(((((((((.((((((.(((&))).)).))))..)))))))))
1	1432	1468	6	1317	1359	16	2641	-12.3	1456	1465	1347	1356	UGCUGUGGCA&UGUUACAGUA	((((((((((&))))))))))
1	1541	1625	7	943	969	16	2641	-26.3	1554	1575	943	966	UCAUCAUUCCUCACUUCCCCUC&GAGGGGGCCUGACGGGAUGAUAGA	(((((((((((((..(((((((&)))))))..))).)))))))).))
2	695	735	6	270	314	16	2641	-16.6	695	723	278	302	UGGUCCAAGGUCAUUGUUUAUCAUGUUGU&GCAAUUUGGAGUUAGGGUUGGACCA	((((((((.....(((.((.(((.(((((&))))).))))).)))..))))))))
2	764	812	7	311	351	16	2641	-20.7	771	802	322	350	CCAGACACUCCAAAACUGGGCAGCUCCAUGCU&AGCACUGGAGCUAGGAUGAGUCCCAAUGG	(((...((((.....((....(((((((((((&)))).)))))))))...)))).....)))
3	1708	1752	5	666	712	16	2641	-29.9	1708	1745	669	711	UGCUUUCUUCAUCGAGAGUGUAGUCUGCCUUUGUGGCC&GGCAGGUCCAUACACACAGGCAGGCAGGCAGGACUUGUGAGCA	(((.....(((.((((..(((.((((((((.(((((((&))).........)))).))))))))..)))...))))))))))
3	329	363	6	533	581	16	2641	-28.8	332	354	547	580	UUUGGGGGACUCUCCAAUGGGCC&GGCCUAUUGGAGCCUUUCCAGUUGUCUCUGCAGA	((((((((((.((((((((((((&))))))))))))...........)))))).))))
3	1405	1437	6	794	862	16	2641	-16.8	1408	1426	799	815	GUGGUCGUGGUGUUGUUUU&GAAACAAUACUAUCUAC	((((..(((((((((((((&)))))))))))))))))
3	1538	1570	8	194	242	16	2641	-21.3	1538	1566	195	236	GGAGAAGUUCGGCGGGAGACUUUGGUCGG&CCGCCAUUUCUCGUUUCUGUUUUGGAGUGAGUGGAGGUCUCC	(((((..(((.(((.((((...(((.(((&))))))..)))).)................)).))).)))))
5	882	918	6	1294	1328	16	2641	-23.4	888	912	1302	1326	AUUCUCACCCCUCCAGAAGUUCCGA&UUGGUUGUUUGGGGGGGAGUUGAAU	((((...((((((((((....((((&))))...))))))))))....))))
1	1875	1919	2	538	576	15	2476	-18.5	1877	1908	543	575	GUCAACUCUCCGACGUAUUUUGACUUGGUUUC&GAAACCAAUAGUCCUGCCUUUGAGCGGGUUUGC	((.(((((.((((.(((....(((((((((((&)))))))..)))).)))..))).).))))).))
1	2199	2255	4	61	119	15	2476	-28.9	2200	2254	66	114	GUCUUCCUGAUGUGUACUUCUUGAUUAUGGCCAUAUGGUCCACGGUGGUUUUUGU&GCAAAGAUCCAUUAGAACACAUCCAGAAACUGAUUGCCCCCAGGGAGAC	(((((((((..(.(((..((.......(((....(((((....((((((((((((&))))))).)))))...)).))))))......)).))))..)))))))))
2	980	1010	4	684	738	15	2476	-24.0	981	1005	694	724	UCAUCAGAGGAUUGGAGUCCAUCCC&GGCAAUGGCUCCAAAUAGACCUCUGGAUUGA	((((((((((.((((((.((((.((&))..)))))))))).....)))))))..)))
3	94	146	5	762	798	15	2476	-22.0	105	119	773	788	AGCAAAACCCAGGGA&UCCCUGGGUUCCGGCU	(((..((((((((((&))))))))))...)))
5	1351	1385	6	1304	1350	15	2476	-19.4	1352	1370	1304	1324	UCAACCGUCCCUCAUAAUC&GGUUGUUUGGGGGGGAGUUGA	(((((..((((((((((((&)))))..)))))))..)))))
6	891	933	8	534	576	15	2476	-25.7	897	933	540	573	GUGACAACUUGAGCUGGACCAUGCUAUACACACUUGC&GCUUGGGUAUGAGCAUGGACCAGUCCCUUGACAU	(((.(((...(.(((((.(((((((((((.(.(..((&))..)))))).))))))).))))).).))).)))
1	449	481	3	1805	1857	14	2311	-24.0	450	481	1806	1843	GCGAAGGGAAGAAGUUUUAUUAUCUGUGCGGU&GCCUUUUCCAGAUAGUAUAUGUGAACUUCUCUCCUUGU	((.(((((.(((((((((((((((((...(((&))).....))))))))).....)))))))).)))))))
1	358	412	5	708	740	14	2311	-6.5	373	378	729	734	GUAUUC&GAGUGC	((((((&))))))
1	242	278	6	455	511	14	2311	-15.8	242	266	455	493	CAGAACAGCGGACUCCACUCCAGCU&AGCUGUCGUUUUUUCUGGGUGUGUCUCCAACAAGUCCUG	(((.((...(((..(((((((((((&)))))...........))))).)..))).....)).)))
2	2233	2279	6	562	608	14	2311	-18.4	2236	2275	565	601	GAUCUCCAGUAUAAGGGAAUGUGGUGCUUAUGGCAUUUUG&CAGUUGUCUCUGCAGACACAUCUGACACCAGGAUAUC	(((.(((........((.(((((.(((....((((..(((&))).))))...)))..))))))).......))).)))
2	893	935	7	256	306	14	2311	-21.2	906	924	276	294	UUGCAGGUCCUGUAGAAUC&GUUUCUGAUAGGCCUGCAA	(((((((.(((((((((.(&).)))).))))))))))))
2	371	403	7	542	612	14	2311	-22.2	372	403	543	583	UGAGCUGGCAUUACCACAGCAUUGUUUACAGA&UCUGUUCACAGGUUGCACAUACCAGGCCAAAUGCCACUUCA	((((.(((((((.((.((((.((((..(((((&)))))..)))))))).........))...))))))).))))
3	1451	1483	4	413	467	14	2311	-24.6	1457	1479	428	451	UUUGGACAUUUGAGACAGCUUGC&GCAUUAUAUGUCCAAAUGUCCAGA	((((((((((((.((((...(((&))).....))))))))))))))))
1	1112	1180	2	647	685	13	2146	-25.7	1130	1165	651	680	GGCAAUCGACUGUUCGUCUCUCCCACUCACUAUCAG&CUGUAGUCCUUGAUGAACAGUUGAAGAGCC	(((..(((((((((((((..........((((.(((&)))))))....)))))))))))))...)))
1	825	859	2	2239	2271	13	2146	-27.0	827	851	2239	2261	CACCACUACCCUCUCCGUGCUGGAG&CUCCAGUAUAAGGGAAUGUGGUG	((((((..((((....(((((((((&))))))))).))))...))))))
1	61	89	5	673	731	13	2146	-31.3	62	89	677	703	GGUCGCUGUCUGGCUGUCAGUAAGUAUG&CAUACACACAGGCAGGCAGGCAGGACU	((((.(((((((.(((((.((..(((((&)))))..)).))))).)))))))))))
1	429	483	7	643	681	13	2146	-23.0	433	481	649	681	GCUUUGGUGGAGCGGCUGCGAAGGGAAGAAGUUUUAUUAUCUGUGCGGU&ACUGAGUGAGAUUUCUUUGGCCCCAUGGAAUGU	(((((.((((...((((.......((((((((((((((.......((((&)))))))))))))))))))))))))).))).))
1	425	445	8	40	100	13	2146	-22.0	425	445	62	81	UCUACUUUGCUUUGGUGGAGC&GCUCCACUUCAAGCAAUAGA	((((..((((((.((((((((&))))))))..))))))))))
1	906	962	8	335	385	13	2146	-13.7	913	954	341	384	UCAUGUCGGGCAAUAUCCCAAUCAUUCCCAUCACAUUGUCGA&UUGACAUCCUCAGCAGUAUGUCCUGGAAGAGAAGGCAAUGGUGA	((((.....((....(((((..(((...........((((((&))))))...........)))...)))..))....))....))))
2	1541	1595	3	403	443	13	2146	-15.8	1545	1574	406	432	AGAGUUUCAACAAAGUACACGAACCCUCUG&CAGAGGACUCAGCUUCAAUCAUACUCU	(((((.......((((....((..((((((&))))))..)).)))).......)))))
2	707	783	4	1046	1072	13	2146	-9.0	736	742	1061	1067	UUACUCC&GGGGUAA	(((((((&)))))))
2	2228	2272	4	1160	1190	13	2146	-16.5	2232	2259	1165	1186	GGAGGAUCUCCAGUAUAAGGGAAUGUGG&CCACAGUACAAGGACUUCUUUC	((((((..(((.((((.......(((((&)))))))))..)))..))))))
2	1344	1372	4	1494	1548	13	2146	-21.9	1348	1371	1510	1531	AUGUAAUCAUCGCCAGGAACAUUC&GAGCCAUCCGGCGAUGUUACAU	((((((.(((((((.(((...(((&)))...))))))))))))))))
4	1611	1647	6	488	548	13	2146	-11.6	1618	1643	497	521	UGUCACAUUCUUCUCGAGUACUGUGU&ACACAUAACUGGAAACAAUGCUAUA	(((..((((.((.((.(((..(((((&)))))..))).)))).))))..)))
4	1366	1444	6	932	976	13	2146	-13.4	1405	1438	946	972	GAUGAAAUCUCCUGGAUAACAUAUUCCAUUCUCA&UGAAAUGGAACACCCAACUCAUUCAUC	((((((......(((........(((((((.(((&))))))))))...))).....))))))
5	366	402	7	227	263	13	2146	-17.4	371	401	235	260	UGCUUCUCAGUUCAAGUGUACUUGAUUCCAU&GUGAGAGGAUCACUUGAACCGUUGCA	(((..(...(((((((((.......((((((&))).)))...))))))))).)..)))
1	1039	1101	4	1585	1607	12	1981	-10.5	1063	1078	1585	1602	GAUCACCUCUGACUGC&GCUGUCUUCGAGCAGGUU	((((..(((.(((.((&)).)))...)))..))))
1	150	198	5	710	754	12	1981	-16.3	154	186	722	754	UCUCUCCUUUCGCAAGGUUGCUCAGUUCAUUGA&UCAAUAUGAGUGCAGACCGUGCUAGAAAAGUGA	((.((..(((.(((.(((((((((....(((((&))))).)))))...)))).))).)))..)).))
1	1473	1515	6	678	720	12	1981	-26.6	1478	1512	681	716	AGAUGCUAGUGGAUCUGCUGAUACUGCAGCUCUUC&GAAUAGUAUUUUAGUAUCAGCUUUUCCUGAAGCACU	((.((((...(((...((((((((((..(((.(((&))).)))....))))))))))...)))...))))))
1	132	174	8	356	404	12	1981	-25.3	133	167	359	392	GCCCAAUUAGCACAUUAGCCUUCUCUCCUUUCGCA&UGUCCUGGAAGAGAAGGCAAUGGUGAAAUUUCGC	((..((((.((.((((.(((((((((((....(((&)))...))).))))))))))))))..))))..))
2	688	738	6	887	921	12	1981	-25.2	693	722	893	920	GCUGGUCCAAGGUCAUUGUUUAUCAUGUUG&CAUCGUGACAACUUGAGCUGGACCAUGC	((((((((.((.(((..(((..(((((.((&)).))))).))).))).)))))))).))
2	1203	1227	7	614	664	12	1981	-21.5	1205	1226	618	646	UUCUGCUGGUAUUUGUGUUCGG&CCAUACAACUGGCAAGUGCACCAGCAGAA	((((((((((((((((((..((&))..)).....))))))..))))))))))
3	156	186	6	733	791	12	1981	-25.1	161	185	763	788	AAGAUCAAAGGUCCCAGGUUCCAGG&UCUGACUCCUGGGUCCUGAGGAUUUU	((((((..(((.((((((...((((&))))...)))))).)))...))))))
3	2098	2158	7	203	251	12	1981	-18.3	2098	2127	205	232	UUGCUGCAAAUUUGUUUGUUUCGAUUUUCA&UGCAAGAUCCCAAUGAUAUUUGCGGCAA	(((((((((((....(((....((((((((&)).)))))).)))....)))))))))))
1	583	627	3	147	183	11	1816	-22.7	612	624	170	182	GGGUUCUGGGACC&GGUCCCAGGUUCC	(((.(((((((((&))))))))).)))
1	1511	1565	3	1400	1432	11	1816	-14.9	1543	1563	1410	1430	UUUGAUCAACAUCAUCAUUCC&GGUCGUGGUGUUGUUUUCAAA	(((((..((((.((((((.((&))..)))))).)))).)))))
1	849	891	7	514	558	11	1816	-26.4	857	891	518	555	AUCUACACCCAUUUUGCUGAUUCUCACUCCUCUCA&UGAGACCGAUGCUGGGAGUCAGCAAUCUGUUCACAGGU	((((.....((..((((((((((((((((.(((((&)))))..)).).)))))))))))))..)).....))))
1	1664	1704	7	632	668	11	1816	-13.3	1664	1685	632	662	GAAUCUCGUUUUGCGGACCAGU&AGUGCACCAGCAGAAUAACUGAGUGAGAUUU	((((((((((((((((..((.(&).))..)).)))))))........)))))))
1	1103	1135	7	661	721	11	1816	-12.5	1108	1116	666	676	CCAUGGCCA&UGGCCCCAUGG	(((((((((&)))))..))))
2	1492	1544	5	427	453	11	1816	-13.6	1496	1513	428	446	UCCAACUGGAAGUCCAGA&UUUGAACUCCUCUAGUGGA	(((.(((((((((.((((&)))).)))..)))))))))
2	764	800	5	1089	1131	11	1816	-14.0	777	798	1097	1121	ACUCCAAAACUGGGCAGCUCCA&UGGAAUGCCAGAUCAUCAUGUGAGU	((((((......((((..((((&)))).)))).........)).))))
6	1286	1350	7	812	838	11	1816	-12.5	1312	1323	816	832	GGGGGGGAGUUG&CAAAUCCUAAAAUCCCC	((((((((.(((&))).)))).....))))
