Seg1	Start1	End1	Seg2	Start2	End2	Reads	RPM	dG	i1	j1	i2	j2	RNA	pattern
4	71	111	6	453	489	75	12380	-27.4	79	105	453	480	AGAACACAUCCAGAAACUGAUUGCCCC&GGAGCUGUCGUUUUUUCUGGGUGUGUCU	((.(((((((((((((.((((.((.((&)).)).))))...)))))))))))))))
1	429	483	7	643	681	13	2146	-23.0	433	481	649	681	GCUUUGGUGGAGCGGCUGCGAAGGGAAGAAGUUUUAUUAUCUGUGCGGU&ACUGAGUGAGAUUUCUUUGGCCCCAUGGAAUGU	(((((.((((...((((.......((((((((((((((.......((((&)))))))))))))))))))))))))).))).))
5	685	719	7	362	390	26	4292	-21.8	688	711	362	387	GCAGGCAGGCAGGACUUGUGAGCA&UGCACCAUUUGUCUAGCCUGACUAGC	((((.(((((.((((..(((.(((&)))..)))..)))).))))).)).))
2	131	185	5	131	211	23	3797	-21.0	137	183	137	209	UCUGGCAUCAAUCCGGGCCCUAGACACCAUGGCCUCCACCAUGCUGG&CCCGCCCCUGGAAAGACACAUCUUCUGGUCUUGCACUUUCCAUCAUCCUUAUGAUUUCGGUCCUCAUGUCAGA	((((((((....(((((....(((...((.((((((((....((.((&)).))...))))..............)))).))...)))................))))).....))))))))
5	932	992	6	1324	1370	28	4622	-18.7	953	988	1332	1369	CCAUUGUUCCAACUCCUUUGACUGCAGCACCUGCGG&UUGCUUGAAAUGCAAUGUUACAGUAGUUAUCAGGAUGG	(((((.(...((((.((.((((((((......((((&))))......))))..)))).)).))))...).)))))
2	2034	2076	3	69	95	28	4622	-16.4	2035	2071	69	93	GGAAAGCCAUUGCUUCCAGGACACAGUCUGUUUGUGC&GCAUGUGUAAGGAAGGAGUUGAACC	((....(.(((.(((((...(((((.........(((&))))))))..))))).))).)..))
2	1541	1595	3	403	443	13	2146	-15.8	1545	1574	406	432	AGAGUUUCAACAAAGUACACGAACCCUCUG&CAGAGGACUCAGCUUCAAUCAUACUCU	(((((.......((((....((..((((((&))))))..)).)))).......)))))
1	1511	1565	3	1400	1432	11	1816	-14.9	1543	1563	1410	1430	UUUGAUCAACAUCAUCAUUCC&GGUCGUGGUGUUGUUUUCAAA	(((((..((((.((((((.((&))..)))))).)))).)))))
1	645	699	6	1306	1360	29	4787	-14.5	651	691	1309	1354	CUGAUGAUCCAUUGAUAGGUAUUGACCAACACUGAUUCAGG&UUUGGGGGGGAGUUGAAUUCAUAUUGCUUGAAAUGCAAUGUUACAG	(((.((((.((((..((((((.(((.((((.((..((((((&))))))..)).))))...)))...)))))).))))....)))))))
2	2247	2293	3	255	301	24	3962	-14.5	2249	2276	258	287	AGGGAAUGUGGUGCUUAUGGCAUUUUGC&GCAUACAAGCUGUUGAAUACCGACUUUGCU	((.(((.((((((.(((((((....(((&))).....))))).)).)))).))))).))
2	764	800	5	1089	1131	11	1816	-14.0	777	798	1097	1121	ACUCCAAAACUGGGCAGCUCCA&UGGAAUGCCAGAUCAUCAUGUGAGU	((((((......((((..((((&)))).)))).........)).))))
1	872	934	8	423	455	21	3466	-13.7	892	923	426	452	UUGACAUCUCGAUGCUUGGAGUCAUGUCGGGC&GCAAUAUUAGAGUCUCCAGCCGGUCAA	(((((....((..((.(((((.(.((....((&)).....))..).))))))))))))))
2	1492	1544	5	427	453	11	1816	-13.6	1496	1513	428	446	UCCAACUGGAAGUCCAGA&UUUGAACUCCUCUAGUGGA	(((.(((((((((.((((&)))).)))..)))))))))
1	1061	1099	3	73	109	18	2971	-12.8	1076	1098	78	101	UGCUUUUAUCAUACAAUCCUCUU&AGGAAGGAGUUGAACCAAGAAGCA	(((((((.........(((((((&)))).))).........)))))))
1	1103	1135	7	661	721	11	1816	-12.5	1108	1116	666	676	CCAUGGCCA&UGGCCCCAUGG	(((((((((&)))))..))))
1	1432	1468	6	1317	1359	16	2641	-12.3	1456	1465	1347	1356	UGCUGUGGCA&UGUUACAGUA	((((((((((&))))))))))
4	1611	1647	6	488	548	13	2146	-11.6	1618	1643	497	521	UGUCACAUUCUUCUCGAGUACUGUGU&ACACAUAACUGGAAACAAUGCUAUA	(((..((((.((.((.(((..(((((&)))))..))).)))).))))..)))
3	2183	2209	8	592	656	17	2806	-11.5	2183	2209	623	654	GAAGCAUUGUCGCACAAAAUCUUCCAU&AUGGUCAUUUUAAGUGCCUCAUCGGAUUCUUC	((((.((((..(((((((((...((((&))))..)))))..))))..))....)).))))
3	78	124	4	933	965	22	3632	-11.3	79	100	935	960	GGAAGGAGUUGAACCAAGAAGC&GCAUACAUUGGUGCUAUUAGAUUUCC	(((((.(((...(((((...((&)).....)))))...)))...)))))
1	1039	1101	4	1585	1607	12	1981	-10.5	1063	1078	1585	1602	GAUCACCUCUGACUGC&GCUGUCUUCGAGCAGGUU	((((..(((.(((.((&)).)))...)))..))))
4	924	970	6	917	941	26	4292	-9.4	924	938	917	937	UCAGUGCGAAAGCAU&AUGCUAUACACACUUGCCUGG	((((.((((.(((((&)))))........))))))))
2	781	835	5	706	750	20	3301	-9.0	789	810	722	744	GGCAGCUCCAUGCUAAAAUUGG&UCAAUAUGAGUGCAGACCGUGCU	((((......(((....(((((&)))))......))).....))))
2	707	783	4	1046	1072	13	2146	-9.0	736	742	1061	1067	UUACUCC&GGGGUAA	(((((((&)))))))
1	358	412	5	708	740	14	2311	-6.5	373	378	729	734	GUAUUC&GAGUGC	((((((&))))))
Total interactions: 184
Counted interactions: 184
Total detected: 197
Unique detected: 160
